transaction_id,timestamp,customer_id,stock_ticker,transaction_type,quantity,average_trade_size,cumulative_portfolio_value,date,customer_key,account_type,avg_trade_size_baseline,stock_key,company_name,liquidity_tier,sector,industry,date_key,day,month,month_name,quarter,year,day_of_week,day_name,is_weekend,is_holiday,stock_price
6253,313,1006,2,0,477,337.0,192326.67,313,1006,0,68.87757332184913,6,2,1,2,2,20240314,14,3,2,1,2024,4,3,0,0,71.65242981011856
4685,240,4955,2,1,137,207.79,2594487.42,240,4955,0,171.5073063101831,6,2,1,2,2,20231204,4,12,11,4,2023,1,0,0,0,94.43958142789144
1732,88,696,6,0,155,155.0,3207.28,88,696,0,110.20395326914532,12,6,1,3,3,20230504,4,5,4,2,2023,4,3,0,0,20.69213814906549
4743,242,4955,7,1,12,208.4,2593413.97,242,4955,0,171.5073063101831,13,7,2,2,4,20231206,6,12,11,4,2023,3,2,0,0,128.35260245942936
4522,232,1816,8,1,91,173.12,260153.17,232,1816,0,45.54061938554912,18,8,2,3,5,20231122,22,11,10,4,2023,3,2,0,0,232.5033292857061
6341,317,1899,4,0,1509,1509.0,683711.0,317,1899,0,55.83783370971448,9,4,1,3,3,20240320,20,3,2,1,2024,3,2,0,0,453.0888018696642
577,27,3588,16,0,106,169.53,585401.41,27,3588,0,89.65649662061958,5,16,0,2,6,20230208,8,2,1,1,2023,3,2,0,0,188.04131337039905
5203,262,1513,5,1,372,179.31,1914859.74,262,1513,0,67.17698562298614,10,5,1,0,0,20240103,3,1,0,1,2024,3,2,0,0,169.25554709012007
6364,318,3588,13,0,79,178.61,1495093.31,318,3588,0,89.65649662061958,19,13,2,2,2,20240321,21,3,2,1,2024,4,3,0,0,51.01282731782194
440,20,182,4,0,19,367.56,361122.88,20,182,0,202.31840679877132,9,4,1,3,3,20230130,30,1,0,1,2023,1,0,0,1,2728.901477732794
2751,143,3588,6,0,514,165.12,1261952.06,143,3588,0,89.65649662061958,12,6,1,3,3,20230720,20,7,6,3,2023,4,3,0,0,17.408084947597036
7488,376,4747,10,1,13,202.27,9333141.75,376,4747,0,57.23133521042849,7,10,2,2,2,20240611,11,6,5,2,2024,2,1,0,0,127.73111023729344
5273,265,845,2,0,689,184.87,811474.54,265,845,0,64.83988963510643,6,2,1,2,2,20240108,8,1,0,1,2024,1,0,0,0,126.1116831165163
5654,282,4955,19,1,52,211.02,2474848.77,282,4955,0,171.5073063101831,1,19,0,2,4,20240131,31,1,0,1,2024,3,2,0,0,62.12695996446321
4000,207,979,7,0,146,146.0,18590.65,207,979,1,177.53549828744173,13,7,2,2,4,20231018,18,10,9,4,2023,3,2,0,0,127.33323715453704
6034,302,4519,2,1,128,204.23,1351891.57,302,4519,1,108.6869726310806,6,2,1,2,2,20240228,28,2,1,1,2024,3,2,0,0,86.79467454235154
583,27,4747,2,0,87,150.76,925391.68,27,4747,0,57.23133521042849,6,2,1,2,2,20230208,8,2,1,1,2023,3,2,0,0,132.03471825831284
9931,501,3938,2,0,59,212.32,2793261.22,501,3938,0,139.96661370427694,6,2,1,2,2,20241203,3,12,11,4,2024,2,1,0,0,50.32476101917984
7052,354,3322,3,0,249,223.85,96702.74,354,3322,0,60.60587653506533,8,3,1,2,2,20240510,10,5,4,2,2024,5,4,0,0,139.77321738473435
8159,412,3623,8,1,12,193.76,370713.68,412,3623,1,81.36509602385424,18,8,2,3,5,20240731,31,7,6,3,2024,3,2,0,0,105.22731911576103
9897,499,1956,7,0,55,118.83,111621.65,499,1956,0,146.9629016940676,13,7,2,2,4,20241129,29,11,10,4,2024,5,4,0,0,96.8743139459276
2250,115,1513,15,0,81,215.4,1075935.39,115,1513,0,67.17698562298614,17,15,2,4,7,20230612,12,6,5,2,2023,1,0,0,0,141.79693071461153
4641,238,2475,2,0,91,91.0,8062.86,238,2475,0,94.72897604176512,6,2,1,2,2,20231130,30,11,10,4,2023,4,3,0,0,88.60283884123474
9486,478,3938,13,1,95,210.11,2649172.54,478,3938,0,139.96661370427694,19,13,2,2,2,20241031,31,10,9,4,2024,4,3,0,0,39.64997175899531
4948,251,3779,2,0,124,124.0,12004.28,251,3779,1,140.0969592277999,6,2,1,2,2,20231219,19,12,11,4,2023,2,1,0,0,96.80866955009398
9921,500,594,5,0,265,290.5,107938.8,500,594,0,41.47688421767058,10,5,1,0,0,20241202,2,12,11,4,2024,1,0,0,0,358.9875827091711
1964,101,4747,4,1,128,194.68,3123600.65,101,4747,0,57.23133521042849,9,4,1,3,3,20230523,23,5,4,2,2023,2,1,0,0,320.13412925114653
8244,416,3339,7,1,69,249.15,484808.61,416,3339,0,165.6176409281128,13,7,2,2,4,20240806,6,8,7,3,2024,2,1,0,0,115.00296716627746
6591,329,4747,9,1,37,202.71,7827507.07,329,4747,0,57.23133521042849,20,9,2,2,2,20240405,5,4,3,2,2024,5,4,0,0,48.14432639978804
8848,447,1903,4,0,236,160.75,193443.55,447,1903,0,75.5685796504373,9,4,1,3,3,20240918,18,9,8,3,2024,3,2,0,0,459.8613243059508
322,14,193,7,0,20,166.06,121570.41,14,193,0,144.2523545284706,13,7,2,2,4,20230120,20,1,0,1,2023,5,4,0,0,165.4054547011188
2679,139,1513,2,0,44,209.8,778938.75,139,1513,0,67.17698562298614,6,2,1,2,2,20230714,14,7,6,3,2023,5,4,0,0,96.20514567876684
4626,237,4747,4,1,77,201.31,4554221.59,237,4747,0,57.23133521042849,9,4,1,3,3,20231129,29,11,10,4,2023,3,2,0,0,368.50351753493055
4950,251,182,4,1,209,297.74,1032752.76,251,182,0,202.31840679877132,9,4,1,3,3,20231219,19,12,11,4,2023,2,1,0,0,371.2134748493913
8329,421,1771,2,0,41,303.5,273548.01,421,1771,0,102.84338721057404,6,2,1,2,2,20240813,13,8,7,3,2024,2,1,0,0,44.649730409731866
3338,172,1157,7,1,247,160.59,753869.22,172,1157,0,109.57514292131978,13,7,2,2,4,20230830,30,8,7,3,2023,3,2,0,0,131.74623842402875
5590,278,845,8,0,19,181.58,810193.21,278,845,0,64.83988963510643,18,8,2,3,5,20240125,25,1,0,1,2024,4,3,0,0,179.8133491826209
252,11,4747,8,1,26,190.28,418635.36,11,4747,0,57.23133521042849,18,8,2,3,5,20230117,17,1,0,1,2023,2,1,0,0,106.87282700632382
3974,206,4023,1,0,177,202.7,308730.48,206,4023,0,85.24882103840045,4,1,0,1,1,20231017,17,10,9,4,2023,2,1,0,0,1744.2399999999998
6631,332,1494,2,0,287,295.39,1127368.06,332,1494,0,200.3242943455968,6,2,1,2,2,20240410,10,4,3,2,2024,3,2,0,0,59.71832679363459
5548,277,1870,3,0,48,52.25,23320.09,277,1870,0,121.43044485699755,8,3,1,2,2,20240124,24,1,0,1,2024,3,2,0,0,149.57179051048882
36,1,4747,7,0,74,212.29,145089.32,1,4747,0,57.23133521042849,13,7,2,2,4,20230103,3,1,0,1,2023,2,1,0,0,157.96263594264707
8363,423,3339,6,1,102,241.8,506211.86,423,3339,0,165.6176409281128,12,6,1,3,3,20240815,15,8,7,3,2024,4,3,0,0,8.862304168854372
1514,76,4955,5,0,190,221.32,1477152.7,76,4955,0,171.5073063101831,10,5,1,0,0,20230418,18,4,3,2,2023,2,1,0,0,137.0630651482724
9318,470,1797,2,0,142,104.32,102879.91,470,1797,0,42.59138318263509,6,2,1,2,2,20241021,21,10,9,4,2024,1,0,0,0,46.13474377083418
40,1,98,9,0,29,29.0,2796.69,1,98,0,57.3332404380682,20,9,2,2,2,20230103,3,1,0,1,2023,2,1,0,0,96.43773519163764
4820,245,227,8,0,60,210.2,1262754.87,245,227,0,91.21464707417776,18,8,2,3,5,20231211,11,12,11,4,2023,1,0,0,0,221.48295115049496
3466,179,1157,14,0,46,159.17,745000.16,179,1157,0,109.57514292131978,3,14,0,3,5,20230908,8,9,8,3,2023,5,4,0,0,16.762794293998887
1761,90,1513,4,1,42,234.33,1107246.24,90,1513,0,67.17698562298614,9,4,1,3,3,20230508,8,5,4,2,2023,1,0,0,0,317.5974383446467
2305,118,1513,2,1,637,214.43,956379.23,118,1513,0,67.17698562298614,6,2,1,2,2,20230615,15,6,5,2,2023,4,3,0,0,117.54801686937289
3724,192,4747,2,0,1018,205.24,3544846.22,192,4747,0,57.23133521042849,6,2,1,2,2,20230927,27,9,8,3,2023,3,2,0,0,117.49517997715508
8285,418,280,6,0,282,252.29,777141.61,418,280,1,112.052394477573,12,6,1,3,3,20240808,8,8,7,3,2024,4,3,0,0,8.989066948756355
4994,253,4747,2,1,80,206.96,6068188.9,253,4747,0,57.23133521042849,6,2,1,2,2,20231221,21,12,11,4,2023,4,3,0,0,94.17780933855906
8128,410,1903,2,0,386,150.0,90542.59,410,1903,0,75.5685796504373,6,2,1,2,2,20240729,29,7,6,3,2024,1,0,0,1,48.1982487339256
3033,157,1797,11,0,59,126.71,92969.65,157,1797,0,42.59138318263509,11,11,2,1,1,20230809,9,8,7,3,2023,3,2,0,0,80.19051898330342
7939,399,2741,15,0,558,354.5,92088.89,399,2741,0,159.23621469157823,17,15,2,4,7,20240712,12,7,6,3,2024,5,4,0,0,153.02839262051984
3040,158,3129,2,1,535,535.0,0.0,158,3129,1,135.24150422401112,6,2,1,2,2,20230810,10,8,7,3,2023,4,3,0,0,101.6346510578804
9656,488,2317,7,1,48,57.25,6720.51,488,2317,1,152.38446150575916,13,7,2,2,4,20241114,14,11,10,4,2024,4,3,0,0,94.6550533493447
2546,131,3087,8,1,127,113.4,67024.24,131,3087,0,191.2863011845536,18,8,2,3,5,20230704,4,7,6,3,2023,2,1,0,0,164.32849576562177
2593,134,3032,4,0,1104,1104.0,386519.03,134,3032,0,66.15371526778839,9,4,1,3,3,20230707,7,7,6,3,2023,5,4,0,0,350.1078132751387
1189,60,4747,2,0,1147,205.7,3423391.73,60,4747,0,57.23133521042849,6,2,1,2,2,20230327,27,3,2,1,2023,1,0,0,0,132.0278016666596
7967,401,3588,5,0,197,186.15,1894493.23,401,3588,0,89.65649662061958,10,5,1,0,0,20240716,16,7,6,3,2024,2,1,0,0,206.07789758336088
6078,304,3961,7,0,263,363.25,266978.47,304,3961,0,152.28737813844415,13,7,2,2,4,20240301,1,3,2,1,2024,5,4,0,0,119.15828422509556
108,4,4747,7,1,117,186.38,168771.3,4,4747,0,57.23133521042849,13,7,2,2,4,20230106,6,1,0,1,2023,5,4,0,0,159.6197714568813
1316,66,4955,9,0,85,217.66,1143516.69,66,4955,0,171.5073063101831,20,9,2,2,2,20230404,4,4,3,2,2023,2,1,0,0,69.25731287374525
8188,414,4046,2,0,139,139.0,6317.13,414,4046,0,132.88453231201495,6,2,1,2,2,20240802,2,8,7,3,2024,5,4,0,0,45.44699602554687
2754,143,4987,8,0,36,50.0,29487.61,143,4987,0,145.83677498060382,18,8,2,3,5,20230720,20,7,6,3,2023,4,3,0,0,189.2128918200572
9754,494,1636,2,0,130,80.5,9192.23,494,1636,0,196.3624239638279,6,2,1,2,2,20241122,22,11,10,4,2024,5,4,0,0,50.182207132904594
6232,312,1185,2,0,544,296.17,545788.79,312,1185,1,104.32284505038166,6,2,1,2,2,20240313,13,3,2,1,2024,3,2,0,0,74.48224065582532
2877,149,4776,2,0,156,163.0,45654.53,149,4776,0,134.50069557652049,6,2,1,2,2,20230728,28,7,6,3,2023,5,4,0,0,96.69925992001905
5324,267,1647,6,0,1676,281.57,66873.69,267,1647,1,123.66528153397232,12,6,1,3,3,20240110,10,1,0,1,2024,3,2,0,0,11.165411555482812
800,39,4747,8,1,356,168.65,1180491.94,39,4747,0,57.23133521042849,18,8,2,3,5,20230224,24,2,1,1,2023,5,4,0,0,140.95231898046546
3571,184,4955,4,0,119,206.1,3048324.32,184,4955,0,171.5073063101831,9,4,1,3,3,20230915,15,9,8,3,2023,5,4,0,0,331.39724024728497
2895,149,3405,8,0,91,91.0,16363.64,149,3405,0,124.07904555717924,18,8,2,3,5,20230728,28,7,6,3,2023,5,4,0,0,179.82026553909316
2928,151,4747,7,0,68,189.6,4067527.87,151,4747,0,57.23133521042849,13,7,2,2,4,20230801,1,8,7,3,2023,2,1,0,0,144.6483850766969
8179,413,1157,7,0,157,199.32,1284944.36,413,1157,0,109.57514292131978,13,7,2,2,4,20240801,1,8,7,3,2024,4,3,0,0,115.24602385622016
972,48,4747,15,0,166,167.99,1238716.0,48,4747,0,57.23133521042849,17,15,2,4,7,20230309,9,3,2,1,2023,4,3,0,0,167.13342159404547
6688,335,1166,2,0,1285,455.25,179204.55,335,1166,0,74.94221252290382,6,2,1,2,2,20240415,15,4,3,2,2024,1,0,0,0,56.89555414754359
8576,434,1494,2,1,164,258.51,969812.29,434,1494,0,200.3242943455968,6,2,1,2,2,20240830,30,8,7,3,2024,5,4,0,0,44.09640374494969
2021,104,3588,6,0,213,177.16,1268626.38,104,3588,0,89.65649662061958,12,6,1,3,3,20230526,26,5,4,2,2023,5,4,0,0,18.13751715729628
9055,457,4747,6,1,82,202.6,8115125.03,457,4747,0,57.23133521042849,12,6,1,3,3,20241002,2,10,9,4,2024,3,2,0,0,7.559502721238215
953,47,845,8,0,27,112.85,170047.94,47,845,0,64.83988963510643,18,8,2,3,5,20230308,8,3,2,1,2023,3,2,0,0,145.88056565419777
5360,269,3294,8,1,46,90.5,18806.19,269,3294,0,66.22040258234165,18,8,2,3,5,20240112,12,1,0,1,2024,5,4,0,0,211.3054777273265
3858,199,4,3,0,417,243.6,113359.03,199,4,0,214.29156695982,8,3,1,2,2,20231006,6,10,9,4,2023,5,4,0,0,126.65864220917784
5862,292,4747,3,0,533,200.75,6962314.95,292,4747,0,57.23133521042849,8,3,1,2,2,20240214,14,2,1,1,2024,3,2,0,0,132.83070098618248
3146,163,4955,2,0,71,203.03,1797028.29,163,4955,0,171.5073063101831,6,2,1,2,2,20230817,17,8,7,3,2023,4,3,0,0,128.4209124879972
3306,171,3588,2,1,63,179.3,1273236.8,171,3588,0,89.65649662061958,6,2,1,2,2,20230829,29,8,7,3,2023,2,1,0,1,114.65468380071192
3007,155,2527,13,0,372,372.0,18790.56,155,2527,0,143.7202579759607,19,13,2,2,2,20230807,7,8,7,3,2023,1,0,0,0,50.51226971265071
9002,455,4955,4,1,33,206.12,4561339.99,455,4955,0,171.5073063101831,9,4,1,3,3,20240930,30,9,8,3,2024,1,0,0,0,452.7261548171421
7771,391,3075,6,0,472,309.5,11672.75,391,3075,0,146.44966785338326,12,6,1,3,3,20240702,2,7,6,3,2024,2,1,0,0,9.368655639056245
7439,373,1185,9,0,83,270.02,412206.5,373,1185,1,104.32284505038166,20,9,2,2,2,20240606,6,6,5,2,2024,4,3,0,0,49.91421382752145
7943,400,193,2,1,75,251.89,1745699.52,400,193,0,144.2523545284706,6,2,1,2,2,20240715,15,7,6,3,2024,1,0,0,0,46.9219401634153
9239,466,3676,10,0,124,187.5,27973.9,466,3676,0,63.83201576370016,7,10,2,2,2,20241015,15,10,9,4,2024,2,1,0,0,135.0660847105847
1057,53,1956,4,0,62,62.0,19202.89,53,1956,0,146.9629016940676,9,4,1,3,3,20230316,16,3,2,1,2023,4,3,0,0,309.7240841307704
3155,163,3162,4,0,430,281.0,173730.88,163,3162,0,83.30356744682695,9,4,1,3,3,20230817,17,8,7,3,2023,4,3,0,0,360.3490798790773
3788,195,4747,6,1,54,204.55,3581838.83,195,4747,0,57.23133521042849,12,6,1,3,3,20231002,2,10,9,4,2023,1,0,0,0,12.051564968515995
9190,463,193,8,0,230,246.64,1096699.39,463,193,0,144.2523545284706,18,8,2,3,5,20241010,10,10,9,4,2024,4,3,0,0,141.13652102191733
7826,394,3588,2,1,281,184.5,1468269.1,394,3588,0,89.65649662061958,6,2,1,2,2,20240705,5,7,6,3,2024,5,4,0,0,46.34075689467444
7540,379,3588,11,0,68,184.53,1572798.82,379,3588,0,89.65649662061958,11,11,2,1,1,20240614,14,6,5,2,2024,5,4,0,0,76.52915167185085
7232,364,4747,2,1,69,202.47,9148628.44,364,4747,0,57.23133521042849,6,2,1,2,2,20240524,24,5,4,2,2024,5,4,0,0,48.215894171838976
765,38,3588,10,1,43,183.29,618450.37,38,3588,0,89.65649662061958,7,10,2,2,2,20230223,23,2,1,1,2023,4,3,0,0,140.62838841706997
5020,254,4906,3,0,62,62.0,9919.82,254,4906,0,159.63150068517265,8,3,1,2,2,20231222,22,12,11,4,2023,5,4,0,0,159.99714277378223
4904,249,1513,6,0,58,182.31,1930207.94,249,1513,0,67.17698562298614,12,6,1,3,3,20231215,15,12,11,4,2023,5,4,0,0,13.037843075724648
8094,408,4747,2,1,72,201.24,8459140.66,408,4747,0,57.23133521042849,6,2,1,2,2,20240725,25,7,6,3,2024,4,3,0,0,42.76957600646271
6844,343,4747,7,0,1322,203.46,8555595.58,343,4747,0,57.23133521042849,13,7,2,2,4,20240425,25,4,3,2,2024,4,3,0,0,127.21349224995664
2166,111,4747,6,1,37,196.36,3344580.36,111,4747,0,57.23133521042849,12,6,1,3,3,20230606,6,6,5,2,2023,2,1,0,0,21.11686089878514
1863,96,4955,2,0,140,215.48,1585301.09,96,4955,0,171.5073063101831,6,2,1,2,2,20230516,16,5,4,2,2023,2,1,0,0,124.00438135933344
7851,395,193,8,0,99,253.99,1758933.59,395,193,0,144.2523545284706,18,8,2,3,5,20240708,8,7,6,3,2024,1,0,0,0,107.44490687539005
9124,460,4955,8,0,116,205.25,4874447.15,460,4955,0,171.5073063101831,18,8,2,3,5,20241007,7,10,9,4,2024,1,0,0,0,147.10957969055318
2341,120,4747,2,0,100,193.8,3575909.04,120,4747,0,57.23133521042849,6,2,1,2,2,20230619,19,6,5,2,2023,1,0,0,0,126.81128709129848
5528,276,4955,6,0,60,208.68,2343707.64,276,4955,0,171.5073063101831,12,6,1,3,3,20240123,23,1,0,1,2024,2,1,0,0,11.909603351831729
6744,338,3588,6,0,319,186.58,1603618.24,338,3588,0,89.65649662061958,12,6,1,3,3,20240418,18,4,3,2,2024,4,3,0,0,11.869745057731318
4004,207,4309,8,0,51,51.0,9590.62,207,4309,1,207.60449849663848,18,8,2,3,5,20231018,18,10,9,4,2023,3,2,0,0,188.0513202685673
1124,56,4519,11,0,429,259.76,401256.85,56,4519,1,108.6869726310806,11,11,2,1,1,20230321,21,3,2,1,2023,2,1,0,0,73.9533112389544
8710,441,4023,6,1,30,175.39,596169.68,441,4023,0,85.24882103840045,12,6,1,3,3,20240910,10,9,8,3,2024,2,1,0,0,6.929111523042966
4050,209,3973,9,0,311,449.0,72047.07,209,3973,0,142.53395099275917,20,9,2,2,2,20231020,20,10,9,4,2023,5,4,0,0,54.77158902845607
7641,384,193,4,0,341,254.2,1972986.74,384,193,0,144.2523545284706,9,4,1,3,3,20240621,21,6,5,2,2024,5,4,0,0,593.7029038536452
766,38,3588,10,1,79,181.29,607340.73,38,3588,0,89.65649662061958,7,10,2,2,2,20230223,23,2,1,1,2023,4,3,0,0,140.62838841706997
2345,120,1511,2,0,305,305.0,38677.44,120,1511,0,198.7782562638252,6,2,1,2,2,20230619,19,6,5,2,2023,1,0,0,0,126.81128709129848
4072,211,4747,6,0,390,203.73,3870464.14,211,4747,0,57.23133521042849,12,6,1,3,3,20231024,24,10,9,4,2023,2,1,0,0,11.75730936992209
7217,363,4747,4,0,81,202.69,9312620.99,363,4747,0,57.23133521042849,9,4,1,3,3,20240523,23,5,4,2,2024,4,3,0,0,529.1891303443109
4217,218,4747,2,0,146,202.64,4137734.33,218,4747,0,57.23133521042849,6,2,1,2,2,20231102,2,11,10,4,2023,4,3,0,0,89.89145924326947
7953,400,1180,6,1,51,363.5,6021.78,400,1180,0,187.4904696034289,12,6,1,3,3,20240715,15,7,6,3,2024,1,0,0,0,9.634851082836718
5971,298,1621,7,0,374,558.5,341968.39,298,1621,0,68.50231411186165,13,7,2,2,4,20240222,22,2,1,1,2024,4,3,0,0,125.09919277945366
3351,173,1513,4,0,219,196.04,697460.09,173,1513,0,67.17698562298614,9,4,1,3,3,20230831,31,8,7,3,2023,4,3,0,0,332.53513400456484
4696,240,2920,6,0,63,173.91,167590.02,240,2920,0,72.54712172231882,12,6,1,3,3,20231204,4,12,11,4,2023,1,0,0,0,13.073072478899585
3400,175,4747,15,0,88,197.11,2862140.82,175,4747,0,57.23133521042849,17,15,2,4,7,20230904,4,9,8,3,2023,1,0,0,0,127.04893572401944
4082,211,3588,7,0,165,178.97,1068125.3,211,3588,0,89.65649662061958,13,7,2,2,4,20231024,24,10,9,4,2023,2,1,0,0,130.813759429209
9150,461,637,8,1,376,182.03,823726.68,461,637,0,117.68203247907084,18,8,2,3,5,20241008,8,10,9,4,2024,2,1,0,0,145.0067177973812
1225,62,4519,3,0,266,248.75,432809.52,62,4519,1,108.6869726310806,8,3,1,2,2,20230329,29,3,2,1,2023,3,2,0,0,117.183468664402
6293,314,4747,9,1,22,201.14,7497402.79,314,4747,0,57.23133521042849,20,9,2,2,2,20240315,15,3,2,1,2024,5,4,0,0,50.97965374024393
3123,161,4747,13,1,19,189.66,3959503.18,161,4747,0,57.23133521042849,19,13,2,2,2,20230815,15,8,7,3,2023,2,1,0,0,48.73632107127268
511,23,1675,6,0,74,74.0,1843.28,23,1675,0,43.69515123672164,12,6,1,3,3,20230202,2,2,1,1,2023,4,3,0,0,24.90924116935852
5795,288,1363,7,1,113,122.6,65584.37,288,1363,1,209.28253583047604,13,7,2,2,4,20240208,8,2,1,1,2024,4,3,0,0,128.8374222361533
8182,413,3938,13,1,56,207.28,1661868.04,413,3938,0,139.96661370427694,19,13,2,2,2,20240801,1,8,7,3,2024,4,3,0,0,35.586866615391926
9418,474,3588,11,1,190,179.98,1912828.97,474,3588,0,89.65649662061958,11,11,2,1,1,20241025,25,10,9,4,2024,5,4,0,0,74.04924171686324
97,4,3588,2,0,23,55.0,8591.5,4,3588,0,89.65649662061958,6,2,1,2,2,20230106,6,1,0,1,2023,5,4,0,0,125.3567361879294
6682,334,3588,5,0,334,184.24,1549246.03,334,3588,0,89.65649662061958,10,5,1,0,0,20240412,12,4,3,2,2024,5,4,0,0,294.12237485268844
1513,76,4666,5,1,36,36.0,0.0,76,4666,0,46.61022237369152,10,5,1,0,0,20230418,18,4,3,2,2023,2,1,0,0,137.0630651482724
8792,445,4747,2,0,101,202.22,7207677.47,445,4747,0,57.23133521042849,6,2,1,2,2,20240916,16,9,8,3,2024,1,0,0,0,45.69477335101958
120,5,868,2,0,222,222.0,28885.5,5,868,0,133.8642506264053,6,2,1,2,2,20230109,9,1,0,1,2023,1,0,0,0,130.11487969859573
7792,392,193,7,0,688,254.82,1818838.79,392,193,0,144.2523545284706,13,7,2,2,4,20240703,3,7,6,3,2024,3,2,0,0,111.00318773725373
6518,326,1731,11,0,18,164.6,217244.8,326,1731,0,83.87026711289414,11,11,2,1,1,20240402,2,4,3,2,2024,2,1,0,0,77.31190859781357
34,1,4955,7,0,343,310.33,105933.14,1,4955,0,171.5073063101831,13,7,2,2,4,20230103,3,1,0,1,2023,2,1,0,0,157.96263594264707
7888,397,3588,6,1,74,186.31,1971288.38,397,3588,0,89.65649662061958,12,6,1,3,3,20240710,10,7,6,3,2024,3,2,0,0,9.550455173928434
6831,342,4747,4,0,398,202.47,8510193.65,342,4747,0,57.23133521042849,9,4,1,3,3,20240424,24,4,3,2,2024,3,2,0,0,392.4221636021686
5422,272,1166,2,1,125,178.67,102259.29,272,1166,0,74.94221252290382,6,2,1,2,2,20240117,17,1,0,1,2024,3,2,0,0,142.57486982701903
1069,54,4955,2,1,160,218.64,1056133.75,54,4955,0,171.5073063101831,6,2,1,2,2,20230317,17,3,2,1,2023,5,4,0,0,147.91924597472536
1348,68,4023,8,0,136,252.33,501710.83,68,4023,0,85.24882103840045,18,8,2,3,5,20230406,6,4,3,2,2023,4,3,0,0,156.76702207539603
4748,242,182,8,0,30,302.58,1233510.25,242,182,0,202.31840679877132,18,8,2,3,5,20231206,6,12,11,4,2023,3,2,0,0,221.21146450381207
6006,300,1687,6,1,168,139.0,36744.76,300,1687,0,94.08878367559711,12,6,1,3,3,20240226,26,2,1,1,2024,1,0,0,0,10.5317408274918
6040,302,167,7,0,92,92.0,11467.51,302,167,0,53.30487620871092,13,7,2,2,4,20240228,28,2,1,1,2024,3,2,0,0,124.64686796100544
3818,197,182,2,0,146,316.56,1229246.76,197,182,0,202.31840679877132,6,2,1,2,2,20231004,4,10,9,4,2023,3,2,0,0,115.28865821176753
8447,427,1627,4,0,62,62.0,26517.31,427,1627,1,126.04865928613532,9,4,1,3,3,20240821,21,8,7,3,2024,3,2,0,0,5581.552818311874
5270,265,3588,2,0,234,177.41,1225366.77,265,3588,0,89.65649662061958,6,2,1,2,2,20240108,8,1,0,1,2024,1,0,0,0,126.1116831165163
6898,346,845,6,0,35,182.89,809804.95,346,845,0,64.83988963510643,12,6,1,3,3,20240430,30,4,3,2,2024,2,1,0,0,11.206695972966736
5310,267,1094,2,0,96,191.79,268882.73,267,1094,0,202.37991155886527,6,2,1,2,2,20240110,10,1,0,1,2024,3,2,0,0,126.98008165742507
32,1,3792,6,0,266,266.0,7814.79,1,3792,1,128.90773924190597,12,6,1,3,3,20230103,3,1,0,1,2023,2,1,0,0,29.37891820580475
5675,282,2372,6,0,138,206.44,445318.34,282,2372,0,97.74004246062768,12,6,1,3,3,20240131,31,1,0,1,2024,3,2,0,0,12.973686285390649
4387,226,1157,2,1,160,186.5,769289.29,226,1157,0,109.57514292131978,6,2,1,2,2,20231114,14,11,10,4,2023,2,1,0,0,81.00593305496719
30,1,2650,2,0,356,356.0,46664.99,1,2650,0,61.18419869645216,6,2,1,2,2,20230103,3,1,0,1,2023,2,1,0,0,131.08143877163977
4203,217,3938,10,0,112,204.44,672876.91,217,3938,0,139.96661370427694,7,10,2,2,2,20231101,1,11,10,4,2023,3,2,0,0,142.79116840217864
7508,377,1200,3,0,191,152.0,44075.79,377,1200,0,211.51505563152125,8,3,1,2,2,20240612,12,6,5,2,2024,3,2,0,0,144.9861580369836
736,36,4747,6,0,61,145.39,1029139.68,36,4747,0,57.23133521042849,12,6,1,3,3,20230221,21,2,1,1,2023,2,1,0,0,25.794801897532786
2068,106,4747,8,0,104,198.74,3269931.25,106,4747,0,57.23133521042849,18,8,2,3,5,20230530,30,5,4,2,2023,2,1,0,0,185.50796797388105
107,4,1185,6,0,84,339.67,119500.35,4,1185,1,104.32284505038166,12,6,1,3,3,20230106,6,1,0,1,2023,5,4,0,0,27.283299029964628
9645,488,1513,2,0,49,195.86,3999585.28,488,1513,0,67.17698562298614,6,2,1,2,2,20241114,14,11,10,4,2024,4,3,0,0,56.472057036479136
8895,450,4519,2,1,83,213.65,1916812.56,450,4519,1,108.6869726310806,6,2,1,2,2,20240923,23,9,8,3,2024,1,0,0,0,44.49849939488546
8021,404,4955,6,0,197,205.93,4634625.47,404,4955,0,171.5073063101831,12,6,1,3,3,20240719,19,7,6,3,2024,5,4,0,0,9.078284532046698
2233,114,3338,13,0,299,322.0,22519.66,114,3338,0,115.97594173168812,19,13,2,2,2,20230609,9,6,5,2,2023,5,4,0,0,75.31658862876255
994,50,4955,10,0,416,221.64,1147275.61,50,4955,0,171.5073063101831,7,10,2,2,2,20230313,13,3,2,1,2023,1,0,0,0,156.79447918410474
9413,474,3938,4,0,34,212.04,2340979.91,474,3938,0,139.96661370427694,9,4,1,3,3,20241025,25,10,9,4,2024,5,4,0,0,447.1893131929865
7059,354,4476,7,0,601,601.0,79641.76,354,4476,0,111.7241734871088,13,7,2,2,4,20240510,10,5,4,2,2024,5,4,0,0,132.5154150900412
6790,340,653,5,1,33,193.56,206426.23,340,653,0,159.13431013332587,10,5,1,0,0,20240422,22,4,3,2,2024,1,0,0,0,312.20512618222966
361,16,4980,4,0,90,90.0,18902.12,16,4980,0,73.00188166321794,9,4,1,3,3,20230124,24,1,0,1,2023,2,1,0,0,210.02353400630204
305,14,4300,2,0,349,349.0,47198.93,14,4300,0,176.53607598593746,6,2,1,2,2,20230120,20,1,0,1,2023,5,4,0,0,135.24050002959046
2628,136,1513,4,1,83,205.96,1029583.92,136,1513,0,67.17698562298614,9,4,1,3,3,20230711,11,7,6,3,2023,2,1,0,0,347.77749684534416
8966,453,3588,6,1,82,181.59,1934479.08,453,3588,0,89.65649662061958,12,6,1,3,3,20240926,26,9,8,3,2024,4,3,0,0,8.230024481192046
4514,232,324,6,1,30,113.0,24752.57,232,324,0,140.36405085093338,12,6,1,3,3,20231122,22,11,10,4,2023,3,2,0,0,12.891714943668417
5911,295,4955,2,1,27,209.97,2513049.48,295,4955,0,171.5073063101831,6,2,1,2,2,20240219,19,2,1,1,2024,1,0,0,0,100.5247503185992
8314,420,4023,2,1,25,175.14,652335.95,420,4023,0,85.24882103840045,6,2,1,2,2,20240812,12,8,7,3,2024,1,0,0,0,41.778649891110895
3101,161,2426,16,0,167,184.19,690960.62,161,2426,0,73.02152699133057,5,16,0,2,6,20230815,15,8,7,3,2023,2,1,0,0,65.09422835071345
5704,283,578,9,0,221,526.5,114357.93,283,578,0,162.17984225468516,20,9,2,2,2,20240201,1,2,1,1,2024,4,3,0,0,52.309762704404136
3899,201,1157,18,0,37,170.92,833911.52,201,1157,0,109.57514292131978,15,18,0,2,4,20231010,10,10,9,4,2023,2,1,0,0,18.79984296358519
5441,272,3777,8,0,26,26.0,4946.32,272,3777,0,57.97972306946532,18,8,2,3,5,20240117,17,1,0,1,2024,3,2,0,0,190.2429500238506
7931,399,4747,6,1,232,202.45,8252906.2,399,4747,0,57.23133521042849,12,6,1,3,3,20240712,12,7,6,3,2024,5,4,0,0,9.78570359961953
622,29,417,7,0,1128,1128.0,181397.52,29,417,1,184.98071659557743,13,7,2,2,4,20230210,10,2,1,1,2023,5,4,0,0,160.81340539504157
7236,364,193,2,0,232,261.7,1651304.93,364,193,0,144.2523545284706,6,2,1,2,2,20240524,24,5,4,2,2024,5,4,0,0,48.215894171838976
2499,129,193,12,1,9,212.78,972302.57,129,193,0,144.2523545284706,16,12,0,2,6,20230630,30,6,5,2,2023,5,4,0,0,61.26362793331315
714,35,4747,6,0,144,147.24,997437.22,35,4747,0,57.23133521042849,12,6,1,3,3,20230220,20,2,1,1,2023,1,0,0,0,25.89222963182127
8404,425,243,6,0,80,58.5,4167.05,425,243,0,201.5608978201433,12,6,1,3,3,20240819,19,8,7,3,2024,1,0,0,0,8.387404859509502
2856,148,4023,3,1,58,221.0,166428.6,148,4023,0,85.24882103840045,8,3,1,2,2,20230727,27,7,6,3,2023,4,3,0,0,124.68613079265464
4270,220,4522,13,0,72,72.0,2374.18,220,4522,0,53.39463456059587,19,13,2,2,2,20231106,6,11,10,4,2023,1,0,0,0,32.974766818009414
2909,150,1797,8,0,70,156.4,88509.23,150,1797,0,42.59138318263509,18,8,2,3,5,20230731,31,7,6,3,2023,1,0,0,0,186.02529555207337
8081,407,4628,6,0,286,272.5,111201.69,407,4628,0,51.45424001754332,12,6,1,3,3,20240724,24,7,6,3,2024,3,2,0,0,8.689953205194042
4517,232,2931,7,0,68,68.0,8744.08,232,2931,0,48.841536480911,13,7,2,2,4,20231122,22,11,10,4,2023,3,2,0,0,128.58935872878828
1262,64,193,5,0,383,184.6,790555.61,64,193,0,144.2523545284706,10,5,1,0,0,20230331,31,3,2,1,2023,5,4,0,0,163.0238328933055
3161,163,4700,7,0,26,152.14,288720.96,163,4700,1,183.66694256756824,13,7,2,2,4,20230817,17,8,7,3,2023,4,3,0,0,137.97329576058303
971,48,2461,7,0,103,89.0,39781.64,48,2461,0,185.9894186895367,13,7,2,2,4,20230309,9,3,2,1,2023,4,3,0,0,161.67341972044832
3913,202,4747,15,0,10,205.63,3858706.5,202,4747,0,57.23133521042849,17,15,2,4,7,20231011,11,10,9,4,2023,3,2,0,0,131.5398342489514
5199,262,193,4,0,268,259.53,2170907.03,262,193,0,144.2523545284706,9,4,1,3,3,20240103,3,1,0,1,2024,3,2,0,0,407.9952839543902
8847,447,1157,4,1,574,197.02,901571.49,447,1157,0,109.57514292131978,9,4,1,3,3,20240918,18,9,8,3,2024,3,2,0,0,459.8613243059508
260,12,4023,10,0,242,162.6,87266.34,12,4023,0,85.24882103840045,7,10,2,2,2,20230118,18,1,0,1,2023,3,2,0,0,179.85152075438327
3791,195,1513,8,0,95,184.44,873561.43,195,1513,0,67.17698562298614,18,8,2,3,5,20231002,2,10,9,4,2023,1,0,0,0,156.21822756749364
9203,464,4747,5,0,269,204.32,7413999.74,464,4747,0,57.23133521042849,10,5,1,0,0,20241011,11,10,9,4,2024,5,4,0,0,327.0500877046507
488,22,4747,7,1,214,158.87,650682.64,22,4747,0,57.23133521042849,13,7,2,2,4,20230201,1,2,1,1,2023,3,2,0,0,166.34506375341977
7908,398,4747,7,0,112,201.85,7758109.72,398,4747,0,57.23133521042849,13,7,2,2,4,20240711,11,7,6,3,2024,4,3,0,0,113.46049448737664
519,24,4955,4,0,115,172.58,258084.83,24,4955,0,171.5073063101831,9,4,1,3,3,20230203,3,2,1,1,2023,5,4,0,0,267.7205277374235
8343,421,653,13,1,134,185.0,347765.5,421,653,0,159.13431013332587,19,13,2,2,2,20240813,13,8,7,3,2024,2,1,0,0,33.419649397383466
312,14,182,4,0,474,505.2,387843.89,14,182,0,202.31840679877132,9,4,1,3,3,20230120,20,1,0,1,2023,5,4,0,0,222.71764410264737
3232,167,3588,6,0,451,179.12,1276667.75,167,3588,0,89.65649662061958,12,6,1,3,3,20230823,23,8,7,3,2023,3,2,0,0,14.382956297138156
7933,399,4747,6,1,269,202.49,8250273.85,399,4747,0,57.23133521042849,12,6,1,3,3,20240712,12,7,6,3,2024,5,4,0,0,9.78570359961953
7458,374,4747,15,1,72,202.79,9453537.68,374,4747,0,57.23133521042849,17,15,2,4,7,20240607,7,6,5,2,2024,5,4,0,0,146.20795624599356
9784,495,4955,4,0,411,208.08,6214748.96,495,4955,0,171.5073063101831,9,4,1,3,3,20241125,25,11,10,4,2024,1,0,0,0,491.3163962878421
5184,261,4747,6,0,1375,206.36,6505866.89,261,4747,0,57.23133521042849,12,6,1,3,3,20240102,2,1,0,1,2024,2,1,0,0,10.45885616361415
8077,407,182,2,0,229,261.83,2683589.53,407,182,0,202.31840679877132,6,2,1,2,2,20240724,24,7,6,3,2024,3,2,0,0,41.86413342143192
6502,325,4955,6,1,147,205.72,2664131.9,325,4955,0,171.5073063101831,12,6,1,3,3,20240401,1,4,3,2,2024,1,0,0,0,14.576824417694723
6791,340,3938,6,0,681,205.82,1364724.71,340,3938,0,139.96661370427694,12,6,1,3,3,20240422,22,4,3,2,2024,1,0,0,0,12.446012673621809
7773,391,4354,6,1,118,136.21,120741.63,391,4354,0,162.7384108382625,12,6,1,3,3,20240702,2,7,6,3,2024,2,1,0,0,9.368655639056245
2738,142,2372,7,0,102,125.8,62890.7,142,2372,0,97.74004246062768,13,7,2,2,4,20230719,19,7,6,3,2023,3,2,0,0,146.14976200999854
7842,395,193,3,1,347,254.47,1748296.55,395,193,0,144.2523545284706,8,3,1,2,2,20240708,8,7,6,3,2024,1,0,0,0,143.95250852572585
6262,313,4747,6,1,142,201.33,7429265.05,313,4747,0,57.23133521042849,12,6,1,3,3,20240314,14,3,2,1,2024,4,3,0,0,12.474317307231106
8206,414,1759,18,0,23,99.0,8363.2,414,1759,0,119.49761823302904,15,18,0,2,4,20240802,2,8,7,3,2024,5,4,0,0,17.824890229546618
1248,63,1513,4,0,189,233.41,965575.3,63,1513,0,67.17698562298614,9,4,1,3,3,20230330,30,3,2,1,2023,4,3,0,0,279.5948754887189
9336,470,1151,13,0,17,170.5,167907.08,470,1151,0,105.31625670558942,19,13,2,2,2,20241021,21,10,9,4,2024,1,0,0,0,31.95233022146508
4195,217,4776,2,1,137,133.5,41924.59,217,4776,0,134.50069557652049,6,2,1,2,2,20231101,1,11,10,4,2023,3,2,0,0,87.52554365805378
8001,403,3938,2,1,166,206.18,1064425.94,403,3938,0,139.96661370427694,6,2,1,2,2,20240718,18,7,6,3,2024,4,3,0,0,41.433580822310944
7378,371,2871,6,0,240,171.08,269132.26,371,2871,0,95.21808090521448,12,6,1,3,3,20240604,4,6,5,2,2024,2,1,0,0,9.931865833452308
3435,177,916,7,0,124,124.0,16543.65,177,916,1,114.07784240122716,13,7,2,2,4,20230906,6,9,8,3,2023,3,2,0,0,133.4165621478332
5382,270,993,6,0,67,67.0,744.15,270,993,0,99.6069611252253,12,6,1,3,3,20240115,15,1,0,1,2024,1,0,0,0,11.106768664845056
959,48,3588,2,0,146,174.15,805639.88,48,3588,0,89.65649662061958,6,2,1,2,2,20230309,9,3,2,1,2023,4,3,0,0,141.03220730194897
417,18,2321,9,0,37,37.0,3369.99,18,2321,0,115.23457857328587,20,9,2,2,2,20230126,26,1,0,1,2023,4,3,0,0,91.0808414071822
5742,285,4955,8,0,15,211.71,2611639.29,285,4955,0,171.5073063101831,18,8,2,3,5,20240205,5,2,1,1,2024,1,0,0,0,158.02529451183932
6728,337,4747,4,0,273,202.91,8206825.82,337,4747,0,57.23133521042849,9,4,1,3,3,20240417,17,4,3,2,2024,3,2,0,0,384.2122509242554
4382,226,4747,0,0,127,200.32,3890099.3,226,4747,0,57.23133521042849,2,0,0,0,0,20231114,14,11,10,4,2023,2,1,0,0,222.88117606733545
5197,262,193,2,0,93,259.49,2061564.3,262,193,0,144.2523545284706,6,2,1,2,2,20240103,3,1,0,1,2024,3,2,0,0,114.0661815299968
1113,55,2649,8,0,87,87.0,13737.49,55,2649,1,157.03829390172092,18,8,2,3,5,20230320,20,3,2,1,2023,1,0,0,0,157.9022082229737
2689,139,4955,7,0,210,204.85,1815898.64,139,4955,0,171.5073063101831,13,7,2,2,4,20230714,14,7,6,3,2023,5,4,0,0,144.11636507538418
6473,324,2386,2,1,269,269.0,0.0,324,2386,0,95.78015915892917,6,2,1,2,2,20240329,29,3,2,1,2024,5,4,0,0,66.70449056212078
8820,446,992,4,0,642,333.0,313254.43,446,992,0,52.00000233620814,9,4,1,3,3,20240917,17,9,8,3,2024,2,1,0,0,483.42788878817385
7808,393,845,4,0,167,187.72,1151575.11,393,845,0,64.83988963510643,9,4,1,3,3,20240704,4,7,6,3,2024,4,3,0,0,1902.0148350253803
3411,176,4955,6,1,151,204.48,2314750.58,176,4955,0,171.5073063101831,12,6,1,3,3,20230905,5,9,8,3,2023,2,1,0,0,14.693020976956737
81,3,4955,6,1,49,274.83,188920.3,3,4955,0,171.5073063101831,12,6,1,3,3,20230105,5,1,0,1,2023,4,3,0,0,27.706729626787496
4614,236,3588,8,0,29,183.09,1235569.16,236,3588,0,89.65649662061958,18,8,2,3,5,20231128,28,11,10,4,2023,2,1,0,0,214.4616818187944
1374,70,3938,14,1,50,185.92,392604.74,70,3938,0,139.96661370427694,3,14,0,3,5,20230410,10,4,3,2,2023,1,0,0,0,13.589505231745902
1510,76,4747,4,1,86,204.16,2751713.61,76,4747,0,57.23133521042849,9,4,1,3,3,20230418,18,4,3,2,2023,2,1,0,0,311.82770825874195
6443,322,3914,7,0,72,200.45,247859.41,322,3914,0,147.58934572570143,13,7,2,2,4,20240327,27,3,2,1,2024,3,2,0,0,121.7237118172223
3071,159,4955,6,1,342,205.64,1745993.61,159,4955,0,171.5073063101831,12,6,1,3,3,20230811,11,8,7,3,2023,5,4,0,0,16.381599471005593
3016,156,3030,7,0,165,165.0,24094.34,156,3030,0,111.9852129268372,13,7,2,2,4,20230808,8,8,7,3,2023,2,1,0,0,146.02631739846186
4823,245,1262,8,0,111,111.0,24584.61,245,1262,0,63.757613969206616,18,8,2,3,5,20231211,11,12,11,4,2023,1,0,0,0,221.48295115049496
7822,394,1513,16,1,6,191.55,3463744.55,394,1513,0,67.17698562298614,5,16,0,2,6,20240705,5,7,6,3,2024,5,4,0,0,178.5091425978072
93,3,4747,13,0,306,191.0,184730.93,3,4747,0,57.23133521042849,19,13,2,2,2,20230105,5,1,0,1,2023,4,3,0,0,92.68702380094106
9421,474,3588,7,1,200,180.01,1893483.36,474,3588,0,89.65649662061958,13,7,2,2,4,20241025,25,10,9,4,2024,5,4,0,0,96.72807718519672
6600,330,3933,4,0,1746,1293.5,718404.66,330,3933,0,159.55507645494453,9,4,1,3,3,20240408,8,4,3,2,2024,1,0,0,1,381.1562244865166
4443,229,193,6,0,49,272.62,1844430.56,229,193,0,144.2523545284706,12,6,1,3,3,20231117,17,11,10,4,2023,5,4,0,0,11.971079263335437
7602,383,182,2,1,240,265.89,3189831.7,383,182,0,202.31840679877132,6,2,1,2,2,20240620,20,6,5,2,2024,4,3,0,0,50.596633342168346
3835,198,4747,0,1,24,205.58,3851550.87,198,4747,0,57.23133521042849,2,0,0,0,0,20231005,5,10,9,4,2023,4,3,0,0,196.29462701614008
9702,491,2426,3,0,343,179.09,1337572.18,491,2426,0,73.02152699133057,8,3,1,2,2,20241119,19,11,10,4,2024,2,1,0,0,158.9082025224371
4322,223,193,3,1,316,273.98,1933994.44,223,193,0,144.2523545284706,8,3,1,2,2,20231109,9,11,10,4,2023,4,3,0,0,136.9003935586637
3394,175,1816,6,0,839,179.04,268732.32,175,1816,0,45.54061938554912,12,6,1,3,3,20230904,4,9,8,3,2023,1,0,0,0,14.30467238147723
4752,242,4747,9,0,88,206.9,6256363.92,242,4747,0,57.23133521042849,20,9,2,2,2,20231206,6,12,11,4,2023,3,2,0,0,51.31101395366119
7229,363,3588,8,0,49,185.45,1720217.22,363,3588,0,89.65649662061958,18,8,2,3,5,20240523,23,5,4,2,2024,4,3,0,0,130.17092555298507
9191,463,2074,8,1,57,141.2,14971.84,463,2074,0,196.85968272340065,18,8,2,3,5,20241010,10,10,9,4,2024,4,3,0,0,141.13652102191733
2361,121,748,2,0,457,457.0,57576.31,121,748,0,100.24168389397668,6,2,1,2,2,20230620,20,6,5,2,2023,2,1,0,0,125.9875517477604
1148,57,4747,8,1,30,194.73,3168307.99,57,4747,0,57.23133521042849,18,8,2,3,5,20230322,22,3,2,1,2023,3,2,0,0,166.29790854231223
5666,282,193,5,1,61,252.75,2123696.75,282,193,0,144.2523545284706,10,5,1,0,0,20240131,31,1,0,1,2024,3,2,0,0,221.40333002957763
8075,407,2707,2,1,115,200.14,437677.43,407,2707,0,102.47388490325817,6,2,1,2,2,20240724,24,7,6,3,2024,3,2,0,0,41.86413342143192
4943,251,182,2,0,390,298.85,1110336.38,251,182,0,202.31840679877132,6,2,1,2,2,20231219,19,12,11,4,2023,2,1,0,0,96.80866955009398
3663,188,3588,6,0,421,177.97,1113554.42,188,3588,0,89.65649662061958,12,6,1,3,3,20230921,21,9,8,3,2023,4,3,0,0,11.873836434234452
1563,79,4023,2,1,1330,290.91,274776.25,79,4023,0,85.24882103840045,6,2,1,2,2,20230421,21,4,3,2,2023,5,4,0,0,124.67818590108472
4113,213,1513,4,1,254,178.99,894521.73,213,1513,0,67.17698562298614,9,4,1,3,3,20231026,26,10,9,4,2023,4,3,0,0,347.914963417401
9050,457,363,3,0,99,327.08,328776.03,457,363,0,44.41791704509486,8,3,1,2,2,20241002,2,10,9,4,2024,3,2,0,0,133.75367702554033
9276,468,3842,2,0,125,96.5,15427.36,468,3842,0,155.7199317770528,6,2,1,2,2,20241017,17,10,9,4,2024,4,3,0,0,44.502217705526085
8538,432,4747,3,0,88,202.42,7681042.15,432,4747,0,57.23133521042849,8,3,1,2,2,20240828,28,8,7,3,2024,3,2,0,0,135.21866666798613
795,39,4955,6,1,592,211.04,940564.17,39,4955,0,171.5073063101831,12,6,1,3,3,20230224,24,2,1,1,2023,5,4,0,0,23.959445690855773
5854,291,3425,12,0,119,334.0,40969.83,291,3425,0,169.47423752059277,16,12,0,2,6,20240213,13,2,1,1,2024,2,1,0,0,92.51286514567606
7619,383,4428,6,0,239,239.0,2148.15,383,4428,0,176.9092550528468,12,6,1,3,3,20240620,20,6,5,2,2024,4,3,0,0,8.988084679249313
1594,81,4747,2,0,221,204.76,3060554.05,81,4747,0,57.23133521042849,6,2,1,2,2,20230425,25,4,3,2,2023,2,1,0,0,116.75269280076355
7418,373,4519,2,0,1623,214.82,2304704.8,373,4519,1,108.6869726310806,6,2,1,2,2,20240606,6,6,5,2,2024,4,3,0,0,53.76205996106853
5267,264,4747,9,0,47,204.84,6917374.56,264,4747,0,57.23133521042849,20,9,2,2,2,20240105,5,1,0,1,2024,5,4,0,0,49.68642393880612
7147,359,1513,4,1,27,186.18,2108760.74,359,1513,0,67.17698562298614,9,4,1,3,3,20240517,17,5,4,2,2024,5,4,0,0,447.7957118796935
89,3,2096,8,0,33,33.0,3442.28,3,2096,1,156.470649645714,18,8,2,3,5,20230105,5,1,0,1,2023,4,3,0,0,104.3115904006844
8695,440,4747,4,1,746,202.9,6812164.53,440,4747,0,57.23133521042849,9,4,1,3,3,20240909,9,9,8,3,2024,1,0,0,0,423.967565506292
9732,493,4519,2,1,88,212.76,1515149.83,493,4519,1,108.6869726310806,6,2,1,2,2,20241121,21,11,10,4,2024,4,3,0,0,54.84852888567318
9446,476,4493,6,1,58,115.67,4159.56,476,4493,0,124.73664500380464,12,6,1,3,3,20241029,29,10,9,4,2024,2,1,0,0,6.784976067293166
6754,339,3322,2,0,115,207.2,130970.67,339,3322,0,60.60587653506533,6,2,1,2,2,20240419,19,4,3,2,2024,5,4,0,0,56.59011847595578
3502,180,4519,7,1,57,205.45,362239.15,180,4519,1,108.6869726310806,13,7,2,2,4,20230911,11,9,8,3,2023,1,0,0,0,133.2496676200428
2234,114,3938,9,0,194,170.26,449741.51,114,3938,0,139.96661370427694,20,9,2,2,2,20230609,9,6,5,2,2023,5,4,0,0,74.92883273011992
2803,145,4700,8,0,77,156.0,236292.81,145,4700,1,183.66694256756824,18,8,2,3,5,20230724,24,7,6,3,2023,1,0,0,0,193.9516139083872
4424,228,4955,4,0,54,207.32,2203043.21,228,4955,0,171.5073063101831,9,4,1,3,3,20231116,16,11,10,4,2023,4,3,0,0,316.2817767667675
5663,282,4747,4,0,59,201.75,6912105.87,282,4747,0,57.23133521042849,9,4,1,3,3,20240131,31,1,0,1,2024,3,2,0,0,388.2540384831063
7170,360,4955,8,0,22,203.48,3239317.38,360,4955,0,171.5073063101831,18,8,2,3,5,20240520,20,5,4,2,2024,1,0,0,0,143.09915855926982
8337,421,3588,7,1,138,184.1,1993056.68,421,3588,0,89.65649662061958,13,7,2,2,4,20240813,13,8,7,3,2024,2,1,0,0,118.65475459186769
2148,110,3339,6,1,259,280.0,299477.21,110,3339,0,165.6176409281128,12,6,1,3,3,20230605,5,6,5,2,2023,1,0,0,0,20.054831877692823
7969,401,3938,5,0,278,206.33,1069612.44,401,3938,0,139.96661370427694,10,5,1,0,0,20240716,16,7,6,3,2024,2,1,0,0,206.07789758336088
6551,328,1196,14,0,68,40.0,2988.42,328,1196,0,50.58191550022029,3,14,0,3,5,20240404,4,4,3,2,2024,4,3,0,0,21.310557700928463
7643,384,231,4,0,220,134.33,145528.31,384,231,0,208.2409094177524,9,4,1,3,3,20240621,21,6,5,2,2024,5,4,0,0,593.7029038536452
6164,308,4955,5,0,101,207.3,2904689.75,308,4955,0,171.5073063101831,10,5,1,0,0,20240307,7,3,2,1,2024,4,3,0,0,254.91618782576845
1495,75,4747,4,1,210,206.07,2726835.54,75,4747,0,57.23133521042849,9,4,1,3,3,20230417,17,4,3,2,2023,1,0,0,0,7164.332888540032
7696,387,3547,2,0,83,83.0,3908.61,387,3547,0,190.53623402013065,6,2,1,2,2,20240626,26,6,5,2,2024,3,2,0,0,47.09168777795215
7094,356,4955,7,0,93,204.54,2890375.68,356,4955,0,171.5073063101831,13,7,2,2,4,20240514,14,5,4,2,2024,2,1,0,0,129.32791208328146
1409,71,3853,6,0,70,147.67,53276.16,71,3853,0,94.08273401598836,12,6,1,3,3,20230411,11,4,3,2,2023,2,1,0,1,21.12794418014734
6691,335,4747,3,0,426,202.76,7867679.09,335,4747,0,57.23133521042849,8,3,1,2,2,20240415,15,4,3,2,2024,1,0,0,0,131.01893396093664
3401,175,4747,8,1,159,197.05,2830215.16,175,4747,0,57.23133521042849,18,8,2,3,5,20230904,4,9,8,3,2023,1,0,0,0,200.7903175346954
109,4,1157,17,0,31,206.5,61699.64,4,1157,0,109.57514292131978,14,17,0,4,7,20230106,6,1,0,1,2023,5,4,0,0,112.1317958369126
5636,281,1513,2,0,126,179.61,2123517.05,281,1513,0,67.17698562298614,6,2,1,2,2,20240130,30,1,0,1,2024,2,1,0,0,139.46830304638075
8482,429,4747,6,0,414,202.65,7598903.86,429,4747,0,57.23133521042849,12,6,1,3,3,20240823,23,8,7,3,2024,5,4,0,0,8.446920105558446
6604,330,653,6,0,191,203.0,217594.99,330,653,0,159.13431013332587,12,6,1,3,3,20240408,8,4,3,2,2024,1,0,0,1,14.428907406320176
1091,55,2461,2,1,24,72.75,34617.23,55,2461,0,185.9894186895367,6,2,1,2,2,20230320,20,3,2,1,2023,1,0,0,0,133.93675541599254
5560,277,4747,7,1,27,202.17,7179552.78,277,4747,0,57.23133521042849,13,7,2,2,4,20240124,24,1,0,1,2024,3,2,0,0,125.56683474203008
9412,474,3668,3,1,9,229.82,262186.89,474,3668,0,56.74576975268898,8,3,1,2,2,20241025,25,10,9,4,2024,5,4,0,0,137.80488896017405
8143,411,495,4,0,273,273.0,124829.86,411,495,0,182.8950739048016,9,4,1,3,3,20240730,30,7,6,3,2024,2,1,0,0,457.2522333352585
8664,439,4747,2,1,136,202.09,7163132.33,439,4747,0,57.23133521042849,6,2,1,2,2,20240906,6,9,8,3,2024,5,4,0,0,43.42590138518135
6596,330,4955,2,0,218,205.06,2669851.52,330,4955,0,171.5073063101831,6,2,1,2,2,20240408,8,4,3,2,2024,1,0,0,1,62.90831599705839
624,29,3588,7,1,56,180.95,628295.15,29,3588,0,89.65649662061958,13,7,2,2,4,20230210,10,2,1,1,2023,5,4,0,0,160.81340539504157
6871,345,4747,2,1,111,203.24,8588134.09,345,4747,0,57.23133521042849,6,2,1,2,2,20240429,29,4,3,2,2024,1,0,0,0,63.30213504416613
4814,245,845,6,0,248,178.86,579989.81,245,845,0,64.83988963510643,12,6,1,3,3,20231211,11,12,11,4,2023,1,0,0,0,13.000304668133309
6553,328,1513,2,0,31,181.41,1840091.74,328,1513,0,67.17698562298614,6,2,1,2,2,20240404,4,4,3,2,2024,4,3,0,0,60.79339901886673
7530,378,4716,8,1,296,235.35,201326.43,378,4716,0,121.20678031273908,18,8,2,3,5,20240613,13,6,5,2,2024,4,3,0,0,106.5234758587614
5796,288,3812,7,0,81,203.88,316065.96,288,3812,1,180.07371014563003,13,7,2,2,4,20240208,8,2,1,1,2024,4,3,0,0,128.8374222361533
7437,373,3654,8,0,46,46.0,5039.53,373,3654,0,175.28163088053964,18,8,2,3,5,20240606,6,6,5,2,2024,4,3,0,0,109.55489591784178
4218,218,845,2,0,166,170.6,419695.08,218,845,0,64.83988963510643,6,2,1,2,2,20231102,2,11,10,4,2023,4,3,0,0,89.89145924326947
5941,297,3938,10,1,74,205.96,1124932.29,297,3938,0,139.96661370427694,7,10,2,2,2,20240221,21,2,1,1,2024,3,2,0,0,151.66513766985614
8501,430,4747,6,1,332,202.43,7520028.06,430,4747,0,57.23133521042849,12,6,1,3,3,20240826,26,8,7,3,2024,1,0,0,0,8.2594774411063
6429,322,192,2,1,119,367.23,2135866.51,322,192,0,133.04123175456843,6,2,1,2,2,20240327,27,3,2,1,2024,3,2,0,0,65.81818033399514
6827,342,2281,2,0,34,84.0,18806.58,342,2281,0,178.34504524300468,6,2,1,2,2,20240424,24,4,3,2,2024,3,2,0,0,57.22819213691543
4131,214,4955,2,1,83,210.52,2777250.07,214,4955,0,171.5073063101831,6,2,1,2,2,20231027,27,10,9,4,2023,5,4,0,0,90.8216245774025
7802,393,3588,2,1,457,183.39,1411291.85,393,3588,0,89.65649662061958,6,2,1,2,2,20240704,4,7,6,3,2024,4,3,0,0,46.69826070606274
7754,390,3914,11,0,160,183.46,252399.65,390,3914,0,147.58934572570143,11,11,2,1,1,20240701,1,7,6,3,2024,1,0,0,0,80.98031632768142
4722,241,4747,6,0,1204,207.13,6228933.17,241,4747,0,57.23133521042849,12,6,1,3,3,20231205,5,12,11,4,2023,2,1,0,0,13.19744303193345
1651,84,4955,4,1,57,216.31,1466752.82,84,4955,0,171.5073063101831,9,4,1,3,3,20230428,28,4,3,2,2023,5,4,0,0,342.6593081251405
4141,214,3588,5,0,270,178.8,1104702.77,214,3588,0,89.65649662061958,10,5,1,0,0,20231027,27,10,9,4,2023,5,4,0,0,139.49788358178156
1618,82,1816,4,0,118,108.0,157242.73,82,1816,0,45.54061938554912,9,4,1,3,3,20230426,26,4,3,2,2023,3,2,0,0,308.6499743292068
2030,104,1157,13,0,27,177.26,555392.15,104,1157,0,109.57514292131978,19,13,2,2,2,20230526,26,5,4,2,2023,5,4,0,0,56.153765944930605
8518,431,3588,6,1,470,185.57,1622808.24,431,3588,0,89.65649662061958,12,6,1,3,3,20240827,27,8,7,3,2024,2,1,0,0,7.997936079027112
4576,235,4050,4,0,454,454.0,166046.13,235,4050,0,172.7164830325958,9,4,1,3,3,20231127,27,11,10,4,2023,1,0,0,0,365.7403846257921
3993,207,3420,4,0,398,323.0,154270.87,207,3420,0,53.710573861858,9,4,1,3,3,20231018,18,10,9,4,2023,3,2,0,0,331.30294804748434
7377,371,1157,5,1,589,197.89,1450405.73,371,1157,0,109.57514292131978,10,5,1,0,0,20240604,4,6,5,2,2024,2,1,0,0,271.5571052651359
6150,307,2855,8,0,150,86.25,47049.94,307,2855,0,94.91804330604435,18,8,2,3,5,20240306,6,3,2,1,2024,3,2,0,0,150.38902365378954
4909,249,1816,6,0,406,172.33,284525.46,249,1816,0,45.54061938554912,12,6,1,3,3,20231215,15,12,11,4,2023,5,4,0,0,13.037843075724648
5027,254,193,6,0,290,264.71,1951407.47,254,193,0,144.2523545284706,12,6,1,3,3,20231222,22,12,11,4,2023,5,4,0,0,11.864173441568706
8261,417,1513,11,0,142,193.47,3483050.75,417,1513,0,67.17698562298614,11,11,2,1,1,20240807,7,8,7,3,2024,3,2,0,0,93.65038855227596
4732,242,1438,2,0,189,251.8,673431.71,242,1438,0,123.99781010196862,6,2,1,2,2,20231206,6,12,11,4,2023,3,2,0,0,99.0453047126215
7549,380,4747,2,0,26,202.05,9671498.88,380,4747,0,57.23133521042849,6,2,1,2,2,20240617,17,6,5,2,2024,1,0,0,0,54.43426513282083
8135,410,1270,4,0,147,147.0,64309.39,410,1270,0,208.74722191377904,9,4,1,3,3,20240729,29,7,6,3,2024,1,0,0,1,437.47884353741495
1607,81,4023,6,1,219,271.31,287260.56,81,4023,0,85.24882103840045,12,6,1,3,3,20230425,25,4,3,2,2023,2,1,0,0,19.210494246983554
4774,243,2918,7,0,51,51.0,6465.22,243,2918,0,42.16545429574678,13,7,2,2,4,20231207,7,12,11,4,2023,4,3,0,0,126.76895081582911
8110,408,878,13,0,89,89.0,3110.19,408,878,0,134.77820336355575,19,13,2,2,2,20240725,25,7,6,3,2024,4,3,0,0,596.3288549618321
6952,349,1897,11,0,99,99.0,7474.01,349,1897,0,139.34634554081077,11,11,2,1,1,20240503,3,5,4,2,2024,5,4,0,0,75.49509767292678
6005,300,1513,6,0,83,182.15,2084188.12,300,1513,0,67.17698562298614,12,6,1,3,3,20240226,26,2,1,1,2024,1,0,0,0,10.5317408274918
7729,389,747,4,0,68,68.0,33424.9,389,747,0,178.32001762930255,9,4,1,3,3,20240628,28,6,5,2,2024,5,4,0,0,491.5426732121791
3542,182,845,2,1,21,172.14,459881.68,182,845,0,64.83988963510643,6,2,1,2,2,20230913,13,9,8,3,2023,3,2,0,0,117.24193734547596
389,17,4747,7,1,44,164.64,643997.56,17,4747,0,57.23133521042849,13,7,2,2,4,20230125,25,1,0,1,2023,3,2,0,0,169.44617634652982
1795,92,4747,13,1,47,194.77,3405742.83,92,4747,0,57.23133521042849,19,13,2,2,2,20230510,10,5,4,2,2023,3,2,0,0,86876.68734693876
8732,442,3588,4,0,47,184.78,1892715.69,442,3588,0,89.65649662061958,9,4,1,3,3,20240911,11,9,8,3,2024,3,2,0,0,482.5753031502094
4920,250,4132,4,0,1674,1123.0,659382.27,250,4132,0,112.60802124238651,9,4,1,3,3,20231218,18,12,11,4,2023,1,0,0,0,389.372690960446
5538,276,4747,8,0,72,202.77,7074083.96,276,4747,0,57.23133521042849,18,8,2,3,5,20240123,23,1,0,1,2024,2,1,0,0,192.26577432381487
3873,200,1472,2,0,1361,708.67,239181.53,200,1472,0,175.36158404391264,6,2,1,2,2,20231009,9,10,9,4,2023,1,0,0,0,103.43007323106778
8869,448,4747,6,0,302,202.32,7467085.06,448,4747,0,57.23133521042849,12,6,1,3,3,20240919,19,9,8,3,2024,4,3,0,0,7.071979948404233
2255,116,4703,14,0,20,135.75,70980.13,116,4703,0,68.86295160589022,3,14,0,3,5,20230613,13,6,5,2,2023,2,1,0,0,15.63658739685404
3413,176,4747,7,1,18,199.26,2891324.25,176,4747,0,57.23133521042849,13,7,2,2,4,20230905,5,9,8,3,2023,2,1,0,0,131.12153675585583
5460,273,742,7,0,44,44.0,5547.3,273,742,0,55.20743452267861,13,7,2,2,4,20240118,18,1,0,1,2024,4,3,0,0,126.07495225573344
4956,251,1363,7,0,200,150.0,75608.82,251,1363,1,209.28253583047604,13,7,2,2,4,20231219,19,12,11,4,2023,2,1,0,0,128.37479585870662
7397,372,4955,10,0,277,206.8,4662776.23,372,4955,0,171.5073063101831,7,10,2,2,2,20240605,5,6,5,2,2024,3,2,0,0,127.83610994635066
5415,271,4747,8,1,58,204.28,6867054.92,271,4747,0,57.23133521042849,18,8,2,3,5,20240116,16,1,0,1,2024,2,1,0,0,194.06869502340507
7400,372,4955,4,0,522,207.27,4955829.41,372,4955,0,171.5073063101831,9,4,1,3,3,20240605,5,6,5,2,2024,3,2,0,0,561.4045459834559
7415,373,4747,2,0,523,203.65,9571367.11,373,4747,0,57.23133521042849,6,2,1,2,2,20240606,6,6,5,2,2024,4,3,0,0,53.76205996106853
9101,459,2761,8,0,93,93.0,13379.42,459,2761,1,161.42615840582607,18,8,2,3,5,20241004,4,10,9,4,2024,5,4,0,0,143.86469172269733
4852,247,1157,3,0,348,186.34,1159302.15,247,1157,0,109.57514292131978,8,3,1,2,2,20231213,13,12,11,4,2023,3,2,0,0,157.98773037356827
2026,104,193,8,1,33,195.18,892630.31,104,193,0,144.2523545284706,18,8,2,3,5,20230526,26,5,4,2,2023,5,4,0,0,192.7217487946912
2616,135,2290,6,0,342,342.0,6429.79,135,2290,0,141.07075020218332,12,6,1,3,3,20230710,10,7,6,3,2023,1,0,0,0,18.8005651397711
7389,372,4747,2,0,198,202.96,9242242.34,372,4747,0,57.23133521042849,6,2,1,2,2,20240605,5,6,5,2,2024,3,2,0,0,48.95643664828199
2927,151,4980,7,0,60,60.75,60552.58,151,4980,0,73.00188166321794,13,7,2,2,4,20230801,1,8,7,3,2023,2,1,0,0,144.6483850766969
1122,56,3588,2,1,85,182.17,989407.0,56,3588,0,89.65649662061958,6,2,1,2,2,20230321,21,3,2,1,2023,2,1,0,0,133.57086566747307
2911,150,1094,13,0,97,246.67,201945.26,150,1094,0,202.37991155886527,19,13,2,2,2,20230731,31,7,6,3,2023,1,0,0,0,2081.9098969072165
8147,411,2426,8,0,76,189.25,933949.91,411,2426,0,73.02152699133057,18,8,2,3,5,20240730,30,7,6,3,2024,2,1,0,0,109.06476142549018
7384,371,3588,7,1,75,185.34,1564886.57,371,3588,0,89.65649662061958,13,7,2,2,4,20240604,4,6,5,2,2024,2,1,0,0,122.97577574236954
3483,179,3588,7,1,52,179.55,959654.99,179,3588,0,89.65649662061958,13,7,2,2,4,20230908,8,9,8,3,2023,5,4,0,0,132.26227452097788
796,39,1036,6,0,123,123.0,2947.01,39,1036,0,87.10673264105714,12,6,1,3,3,20230224,24,2,1,1,2023,5,4,0,0,23.959445690855773
1576,80,4955,5,1,224,220.1,1463427.5,80,4955,0,171.5073063101831,10,5,1,0,0,20230424,24,4,3,2,2023,1,0,0,0,132.44729012564795
6177,309,4747,4,0,97,201.33,7278053.35,309,4747,0,57.23133521042849,9,4,1,3,3,20240308,8,3,2,1,2024,5,4,0,0,444.7161387954949
6267,313,4066,7,1,34,34.0,0.0,313,4066,0,218.8723534622844,13,7,2,2,4,20240314,14,3,2,1,2024,4,3,0,0,117.8544025995568
2459,127,3588,4,0,129,167.53,1263733.71,127,3588,0,89.65649662061958,9,4,1,3,3,20230628,28,6,5,2,2023,3,2,0,0,335.38163383116705
3313,171,2409,4,0,1353,1353.0,429545.53,171,2409,0,124.62505765817328,9,4,1,3,3,20230829,29,8,7,3,2023,2,1,0,1,317.4763700755978
1254,63,2470,15,0,341,341.0,63764.7,63,2470,0,213.5976572069125,17,15,2,4,7,20230330,30,3,2,1,2023,4,3,0,0,186.9932652824406
6835,343,1865,2,0,172,150.0,206739.75,343,1865,0,176.92837787320562,6,2,1,2,2,20240425,25,4,3,2,2024,4,3,0,0,56.07652798006525
8795,445,3588,2,0,56,184.41,1958186.57,445,3588,0,89.65649662061958,6,2,1,2,2,20240916,16,9,8,3,2024,1,0,0,0,45.69477335101958
3838,198,1927,2,0,243,161.5,37181.2,198,1927,0,56.93283713863707,6,2,1,2,2,20231005,5,10,9,4,2023,4,3,0,0,115.11208304528223
4399,227,193,2,0,437,274.3,1883438.67,227,193,0,144.2523545284706,6,2,1,2,2,20231115,15,11,10,4,2023,3,2,0,0,84.40790565691069
3596,185,4747,5,0,650,200.83,3622887.49,185,4747,0,57.23133521042849,10,5,1,0,0,20230918,18,9,8,3,2023,1,0,0,0,124.81983684359771
6622,331,193,6,0,654,252.53,1727875.47,331,193,0,144.2523545284706,12,6,1,3,3,20240409,9,4,3,2,2024,2,1,0,0,14.25035792072841
8383,424,182,6,0,237,258.71,2754549.0,424,182,0,202.31840679877132,12,6,1,3,3,20240816,16,8,7,3,2024,5,4,0,0,8.370023763509284
2125,109,4747,2,0,66,198.04,3396243.87,109,4747,0,57.23133521042849,6,2,1,2,2,20230602,2,6,5,2,2023,5,4,0,0,120.11089840118608
3239,167,193,9,0,12,228.03,1692784.75,167,193,0,144.2523545284706,20,9,2,2,2,20230823,23,8,7,3,2023,3,2,0,0,76.41922892651486
5404,271,3938,3,0,103,200.43,1228462.41,271,3938,0,139.96661370427694,8,3,1,2,2,20240116,16,1,0,1,2024,2,1,0,0,154.90481066987968
5999,300,1513,2,0,292,182.54,2083313.99,300,1513,0,67.17698562298614,6,2,1,2,2,20240226,26,2,1,1,2024,1,0,0,0,83.14455451882927
5939,297,3078,2,0,425,425.0,40048.06,297,3078,0,60.51288499005389,6,2,1,2,2,20240221,21,2,1,1,2024,3,2,0,0,94.23074102129948
2046,105,921,8,0,92,92.0,17453.31,105,921,0,162.9822006951759,18,8,2,3,5,20230529,29,5,4,2,2023,1,0,0,0,189.70988327361604
1579,80,193,6,0,174,200.68,756004.95,80,193,0,144.2523545284706,12,6,1,3,3,20230424,24,4,3,2,2023,1,0,0,0,19.13333678018726
15,0,511,5,0,279,279.0,40031.67,0,511,0,88.67626119189546,10,5,1,0,0,20230102,2,1,0,1,2023,1,0,0,0,143.4826952916133
2674,138,474,7,0,114,231.68,541198.65,138,474,0,192.632113142746,13,7,2,2,4,20230713,13,7,6,3,2023,4,3,0,0,144.86703051427543
7017,352,3938,6,0,146,203.66,1357284.84,352,3938,0,139.96661370427694,12,6,1,3,3,20240508,8,5,4,2,2024,3,2,0,0,10.528474342076446
8721,441,4955,13,1,37,205.46,4226245.74,441,4955,0,171.5073063101831,19,13,2,2,2,20240910,10,9,8,3,2024,2,1,0,0,26092.5743939394
8850,447,2101,6,0,36,36.0,249.1,447,2101,1,106.71087512386951,12,6,1,3,3,20240918,18,9,8,3,2024,3,2,0,0,19117.830928667565
4813,245,3583,6,0,22,22.0,286.01,245,3583,0,96.9999561708628,12,6,1,3,3,20231211,11,12,11,4,2023,1,0,0,0,13.000304668133309
1085,54,4747,9,0,25,190.52,2784644.79,54,4747,0,57.23133521042849,20,9,2,2,2,20230317,17,3,2,1,2023,5,4,0,0,71.36957831717483
4984,252,4747,8,0,107,207.32,6284630.79,252,4747,0,57.23133521042849,18,8,2,3,5,20231220,20,12,11,4,2023,3,2,0,0,227.63083628414643
7156,360,4747,2,1,309,203.2,8766169.73,360,4747,0,57.23133521042849,6,2,1,2,2,20240520,20,5,4,2,2024,1,0,0,0,42.78284552315045
2885,149,1469,4,0,852,852.0,300064.84,149,1469,0,148.574535937026,9,4,1,3,3,20230728,28,7,6,3,2023,5,4,0,0,352.1887778160423
334,15,3772,2,0,237,177.5,54952.58,15,3772,0,200.6191774638735,6,2,1,2,2,20230123,23,1,0,1,2023,1,0,0,0,136.0285466968156
7205,362,3588,6,1,136,186.15,1680578.59,362,3588,0,89.65649662061958,12,6,1,3,3,20240522,22,5,4,2,2024,3,2,0,0,10.274970056771627
4368,225,4747,4,0,75,200.48,3887315.81,225,4747,0,57.23133521042849,9,4,1,3,3,20231113,13,11,10,4,2023,1,0,0,1,327.0291694043586
3080,160,3994,14,0,32,32.0,562.49,160,3994,0,111.45567559365332,3,14,0,3,5,20230814,14,8,7,3,2023,1,0,0,0,17.577914922159042
7204,362,4304,6,0,294,294.0,3020.84,362,4304,0,167.46199674013616,12,6,1,3,3,20240522,22,5,4,2,2024,3,2,0,0,10.274970056771627
9910,500,653,2,1,76,212.5,430700.99,500,653,0,159.13431013332587,6,2,1,2,2,20241202,2,12,11,4,2024,1,0,0,0,50.51023310955865
8865,448,2926,5,0,786,786.0,231508.43,448,2926,0,206.71823848483305,10,5,1,0,0,20240919,19,9,8,3,2024,4,3,0,0,294.53999325907023
264,12,4747,5,0,82,193.53,523668.6,12,4747,0,57.23133521042849,10,5,1,0,0,20230118,18,1,0,1,2023,3,2,0,0,158.8955053720495
4338,224,1513,2,0,211,180.88,990227.35,224,1513,0,67.17698562298614,6,2,1,2,2,20231110,10,11,10,4,2023,5,4,0,0,84.21947399285166
8896,450,3668,3,0,97,251.9,271956.84,450,3668,0,56.74576975268898,8,3,1,2,2,20240923,23,9,8,3,2024,1,0,0,0,128.13058957144327
8448,427,3394,11,0,83,127.1,127612.18,427,3394,1,65.87831641805185,11,11,2,1,1,20240821,21,8,7,3,2024,3,2,0,0,82.05515756227463
5904,294,1513,8,1,33,181.82,2187784.13,294,1513,0,67.17698562298614,18,8,2,3,5,20240216,16,2,1,1,2024,5,4,0,0,154.25444921919828
1499,75,4747,6,1,310,205.75,2720357.59,75,4747,0,57.23133521042849,12,6,1,3,3,20230417,17,4,3,2,2023,1,0,0,0,21.88494831756148
4191,216,2779,7,0,478,185.62,167918.4,216,2779,0,58.94381403992303,13,7,2,2,4,20231031,31,10,9,4,2023,2,1,0,0,127.81623415822162
7486,376,4747,2,0,92,202.39,9346346.18,376,4747,0,57.23133521042849,6,2,1,2,2,20240611,11,6,5,2,2024,2,1,0,0,51.30635193821685
9644,487,4747,13,0,40,204.22,8649931.52,487,4747,0,57.23133521042849,19,13,2,2,2,20241113,13,11,10,4,2024,3,2,0,1,41.073866787130434
8311,420,593,2,0,174,174.0,7269.49,420,593,0,182.12864026539413,6,2,1,2,2,20240812,12,8,7,3,2024,1,0,0,0,41.778649891110895
7591,382,2461,7,0,107,132.05,92542.74,382,2461,0,185.9894186895367,13,7,2,2,4,20240619,19,6,5,2,2024,3,2,0,0,117.98555537153705
501,23,637,2,0,118,101.0,25959.67,23,637,0,117.68203247907084,6,2,1,2,2,20230202,2,2,1,1,2023,4,3,0,0,135.17732682089374
9156,462,680,16,0,87,87.0,12020.07,462,680,0,147.90284319980458,5,16,0,2,6,20241009,9,10,9,4,2024,3,2,0,0,138.16167600020557
9415,474,366,4,1,35,254.25,642510.37,474,366,0,200.5863429780148,9,4,1,3,3,20241025,25,10,9,4,2024,5,4,0,0,447.1893131929865
3096,160,4716,17,0,97,225.11,86651.04,160,4716,0,121.20678031273908,14,17,0,4,7,20230814,14,8,7,3,2023,1,0,0,0,72.98453375241613
4632,237,4747,7,0,170,201.27,4575724.92,237,4747,0,57.23133521042849,13,7,2,2,4,20231129,29,11,10,4,2023,3,2,0,0,126.49018391673398
368,16,4700,6,0,295,236.5,45602.46,16,4700,1,183.66694256756824,12,6,1,3,3,20230124,24,1,0,1,2023,2,1,0,0,27.594804913833148
4059,210,4747,8,0,77,203.23,3845068.67,210,4747,0,57.23133521042849,18,8,2,3,5,20231023,23,10,9,4,2023,1,0,0,0,198.1882779079352
8175,413,4747,6,0,290,201.02,8900901.04,413,4747,0,57.23133521042849,12,6,1,3,3,20240801,1,8,7,3,2024,4,3,0,0,8.653473470089963
4631,237,3498,7,0,114,202.9,417881.61,237,3498,0,109.32247402936837,13,7,2,2,4,20231129,29,11,10,4,2023,3,2,0,0,126.49018391673398
6071,304,3588,4,1,496,182.82,1568627.8,304,3588,0,89.65649662061958,9,4,1,3,3,20240301,1,3,2,1,2024,5,4,0,0,446.785053255141
2665,138,296,2,0,319,319.0,31230.28,138,296,1,51.301589302586,6,2,1,2,2,20230713,13,7,6,3,2023,4,3,0,0,97.90055958635791
1027,51,193,8,0,214,199.21,720840.22,51,193,0,144.2523545284706,18,8,2,3,5,20230314,14,3,2,1,2023,2,1,0,0,150.18988889338382
5909,294,4955,9,1,120,210.62,2574832.79,294,4955,0,171.5073063101831,20,9,2,2,2,20240216,16,2,1,1,2024,5,4,0,0,49.9130996358972
5051,255,3938,7,0,14,201.33,987493.69,255,3938,0,139.96661370427694,13,7,2,2,4,20231225,25,12,11,4,2023,1,0,0,0,129.15214034177714
6329,316,4023,7,0,63,186.56,726262.93,316,4023,0,85.24882103840045,13,7,2,2,4,20240319,19,3,2,1,2024,2,1,0,0,118.38485347814434
9734,493,193,2,0,428,244.46,1814135.26,493,193,0,144.2523545284706,6,2,1,2,2,20241121,21,11,10,4,2024,4,3,0,0,54.84852888567318
1692,86,1816,2,0,371,128.64,210237.97,86,1816,0,45.54061938554912,6,2,1,2,2,20230502,2,5,4,2,2023,2,1,0,0,111.9611597559192
674,32,98,7,0,191,110.0,32635.54,32,98,0,57.3332404380682,13,7,2,2,4,20230215,15,2,1,1,2023,3,2,0,0,159.17614878271564
5573,278,4747,2,1,377,201.94,7039603.05,278,4747,0,57.23133521042849,6,2,1,2,2,20240125,25,1,0,1,2024,4,3,0,0,138.70633009168134
5767,287,2871,2,0,407,140.59,341338.7,287,2871,0,95.21808090521448,6,2,1,2,2,20240207,7,2,1,1,2024,3,2,0,0,119.81742854559464
5157,260,1157,4,1,244,193.42,876198.0,260,1157,0,109.57514292131978,9,4,1,3,3,20240101,1,1,0,1,2024,1,0,0,0,397.8726484613512
734,36,4875,6,0,218,218.0,5623.27,36,4875,0,136.09261657190365,12,6,1,3,3,20230221,21,2,1,1,2023,2,1,0,0,25.794801897532786
3527,181,4990,7,0,40,107.0,19927.08,181,4990,0,43.55269051066276,13,7,2,2,4,20230912,12,9,8,3,2023,2,1,0,0,130.91036832302623
569,26,3588,15,1,98,171.45,577468.25,26,3588,0,89.65649662061958,17,15,2,4,7,20230207,7,2,1,1,2023,2,1,0,0,184.347042339306
9188,463,1513,8,0,19,197.09,3850877.55,463,1513,0,67.17698562298614,18,8,2,3,5,20241010,10,10,9,4,2024,4,3,0,0,141.13652102191733
2923,151,2890,6,0,245,161.0,15033.39,151,2890,0,185.8777334039301,12,6,1,3,3,20230801,1,8,7,3,2023,2,1,0,0,15.899844463529972
7912,398,4955,13,1,68,206.07,4579709.87,398,4955,0,171.5073063101831,19,13,2,2,2,20240711,11,7,6,3,2024,4,3,0,0,20468.549642857142
1559,78,4747,9,0,101,201.74,2594860.0,78,4747,0,57.23133521042849,20,9,2,2,2,20230420,20,4,3,2,2023,4,3,0,0,70.84376441239502
102,4,193,4,0,48,203.17,55703.93,4,193,0,144.2523545284706,9,4,1,3,3,20230106,6,1,0,1,2023,5,4,0,0,203.06815451428216
3008,156,3851,16,0,41,102.0,26693.19,156,3851,0,206.11157100622995,5,16,0,2,6,20230808,8,8,7,3,2023,2,1,0,0,70.50982995173983
7202,362,4747,6,0,118,202.86,9159061.45,362,4747,0,57.23133521042849,12,6,1,3,3,20240522,22,5,4,2,2024,3,2,0,0,10.274970056771627
304,14,227,2,0,170,195.6,103088.45,14,227,0,91.21464707417776,6,2,1,2,2,20230120,20,1,0,1,2023,5,4,0,0,135.24050002959046
77,3,3849,2,0,146,146.0,18620.01,3,3849,0,132.00272233140356,6,2,1,2,2,20230105,5,1,0,1,2023,4,3,0,0,127.53432227053275
6755,339,4747,2,1,70,202.65,8204531.78,339,4747,0,57.23133521042849,6,2,1,2,2,20240419,19,4,3,2,2024,5,4,0,0,56.59011847595578
8630,437,4955,2,1,1134,205.5,4173592.21,437,4955,0,171.5073063101831,6,2,1,2,2,20240904,4,9,8,3,2024,3,2,0,0,43.563461249492846
1209,61,4987,5,0,27,47.0,5225.82,61,4987,0,145.83677498060382,10,5,1,0,0,20230328,28,3,2,1,2023,2,1,0,0,159.48178564732564
7743,390,265,2,0,159,1344.5,629724.18,390,265,0,206.28698501769912,6,2,1,2,2,20240701,1,7,6,3,2024,1,0,0,0,54.37250063952418
8215,415,3772,2,0,637,238.0,242851.88,415,3772,0,200.6191774638735,6,2,1,2,2,20240805,5,8,7,3,2024,1,0,0,0,45.24372056710042
8945,452,4747,7,1,79,202.65,7253089.85,452,4747,0,57.23133521042849,13,7,2,2,4,20240925,25,9,8,3,2024,3,2,0,0,101.00268057537085
8414,426,4023,2,0,157,173.86,640027.81,426,4023,0,85.24882103840045,6,2,1,2,2,20240820,20,8,7,3,2024,2,1,0,0,44.80668967646197
1776,91,1513,2,0,59,231.31,1134561.75,91,1513,0,67.17698562298614,6,2,1,2,2,20230509,9,5,4,2,2023,2,1,0,0,127.54969323116067
3474,179,139,5,0,282,185.5,42095.13,179,139,0,44.419429283172185,10,5,1,0,0,20230908,8,9,8,3,2023,5,4,0,0,126.938868201376
484,22,4747,5,0,126,158.19,686280.48,22,4747,0,57.23133521042849,10,5,1,0,0,20230201,1,2,1,1,2023,3,2,0,0,183.5031783968656
2190,112,2183,12,0,30,30.0,1985.52,112,2183,0,49.0006115289339,16,12,0,2,6,20230607,7,6,5,2,2023,3,2,0,0,66.18415027331744
347,15,1113,6,0,32,32.0,870.96,15,1113,0,179.5137983118075,12,6,1,3,3,20230123,23,1,0,1,2023,1,0,0,0,27.21758737681472
5482,274,2475,7,0,104,97.5,26035.82,274,2475,0,94.72897604176512,13,7,2,2,4,20240119,19,1,0,1,2024,5,4,0,0,124.58603810785132
8362,423,845,6,1,189,188.93,811855.6,423,845,0,64.83988963510643,12,6,1,3,3,20240815,15,8,7,3,2024,4,3,0,0,8.862304168854372
1473,74,193,6,1,157,189.44,689384.74,74,193,0,144.2523545284706,12,6,1,3,3,20230414,14,4,3,2,2023,5,4,0,0,22.38241447294786
5101,258,3187,2,0,386,386.0,40674.42,258,3187,0,160.92865194045405,6,2,1,2,2,20231228,28,12,11,4,2023,4,3,0,0,105.37413958183411
6766,339,4747,6,0,185,202.59,8153082.68,339,4747,0,57.23133521042849,12,6,1,3,3,20240419,19,4,3,2,2024,5,4,0,0,31678.59394415357
8707,441,2461,3,0,208,143.46,150763.24,441,2461,0,185.9894186895367,8,3,1,2,2,20240910,10,9,8,3,2024,2,1,0,0,130.7973726745571
4930,250,2074,6,0,314,197.33,30161.19,250,2074,0,196.85968272340065,12,6,1,3,3,20231218,18,12,11,4,2023,1,0,0,0,13.238444618191828
6330,316,3588,8,1,129,180.29,1466971.82,316,3588,0,89.65649662061958,18,8,2,3,5,20240319,19,3,2,1,2024,2,1,0,0,138.52029541990544
2610,135,4519,3,1,117,218.26,282471.7,135,4519,1,108.6869726310806,8,3,1,2,2,20230710,10,7,6,3,2023,1,0,0,0,125.10157067464438
4,0,4747,2,0,503,195.33,73709.48,0,4747,0,57.23133521042849,6,2,1,2,2,20230102,2,1,0,1,2023,1,0,0,0,136.61322857985922
2214,113,3588,13,0,28,170.32,1277643.01,113,3588,0,89.65649662061958,19,13,2,2,2,20230608,8,6,5,2,2023,4,3,0,0,54.64764706303674
4828,245,4747,9,1,41,207.26,5862867.47,245,4747,0,57.23133521042849,20,9,2,2,2,20231211,11,12,11,4,2023,1,0,0,0,49.14972960237447
857,43,1225,3,0,27,27.0,3401.5,43,1225,0,93.6124586130704,8,3,1,2,2,20230302,2,3,2,1,2023,4,3,0,0,125.98137142551516
6978,351,4747,14,0,15,203.45,9154531.6,351,4747,0,57.23133521042849,3,14,0,3,5,20240507,7,5,4,2,2024,2,1,0,0,19.079019881106444
5886,293,1157,6,1,294,192.86,1016806.26,293,1157,0,109.57514292131978,12,6,1,3,3,20240215,15,2,1,1,2024,4,3,0,0,12.08108013697606
625,30,1513,2,0,933,199.0,528208.25,30,1513,0,67.17698562298614,6,2,1,2,2,20230213,13,2,1,1,2023,1,0,0,0,131.61100797545797
291,13,4747,5,1,137,181.98,510607.33,13,4747,0,57.23133521042849,10,5,1,0,0,20230119,19,1,0,1,2023,4,3,0,0,160.958139097077
2019,104,4955,6,0,23,207.77,1511095.85,104,4955,0,171.5073063101831,12,6,1,3,3,20230526,26,5,4,2,2023,5,4,0,0,18.13751715729628
669,32,4747,6,1,69,145.85,953104.27,32,4747,0,57.23133521042849,12,6,1,3,3,20230215,15,2,1,1,2023,3,2,0,0,25.227143230366096
8922,451,1513,7,0,95,194.84,3595399.99,451,1513,0,67.17698562298614,13,7,2,2,4,20240924,24,9,8,3,2024,2,1,0,0,100.58173191707928
8265,417,3938,6,1,314,211.41,1646733.75,417,3938,0,139.96661370427694,12,6,1,3,3,20240807,7,8,7,3,2024,3,2,0,0,9.236794736713945
9697,491,4955,2,1,392,204.91,5320251.31,491,4955,0,171.5073063101831,6,2,1,2,2,20241119,19,11,10,4,2024,2,1,0,0,51.43787754105335
1632,83,182,4,0,676,316.1,862797.67,83,182,0,202.31840679877132,9,4,1,3,3,20230427,27,4,3,2,2023,4,3,0,0,325.7369197509988
5171,260,3588,8,0,150,177.4,1055070.82,260,3588,0,89.65649662061958,18,8,2,3,5,20240101,1,1,0,1,2024,1,0,0,0,213.0699985598146
7206,362,3339,6,0,192,257.93,467623.67,362,3339,0,165.6176409281128,12,6,1,3,3,20240522,22,5,4,2,2024,3,2,0,0,10.274970056771627
2523,130,4747,12,0,24,190.99,4007960.95,130,4747,0,57.23133521042849,16,12,0,2,6,20230703,3,7,6,3,2023,1,0,0,0,62.66804326627595
2216,113,1513,9,1,34,217.22,1021993.08,113,1513,0,67.17698562298614,20,9,2,2,2,20230608,8,6,5,2,2023,4,3,0,0,74.01587067547922
6969,350,4736,6,0,66,66.0,693.94,350,4736,0,209.9187468660867,12,6,1,3,3,20240506,6,5,4,2,2024,1,0,0,0,10.514221367687474
